Gender,Age Groups,Category,Product Name,Product Price,Image_url,colors,First Age,Last Age,sizes,description,HEEL HEIGHT,DESCRIPTION,FOOTWEAR STYLE,NICE TO KNOW
unisex,newborn,shoes,SOFT SLIPPERS,8.99,https://image.hm.com/assets/hm/bf/e2/bfe2557405424df0129c8ffb6ce75aab19f5d060.jpg?imwidth=1536,"['Light grey', 'Rust red']",0,15,"['00', '0', '0.5-1.5', '2-3', '3.5-4.5', '5.5-6', '7-7.5']","Soft sole slippers in soft fabric with a hook and loop tab at the top and soft, fluffy linings.",No heel,"Light grey, Solid colour",,
unisex,newborn,shoes,SOFT SLIPPERS,8.99,https://image.hm.com/assets/hm/e6/b9/e6b9555805f39fe48536dd16e9ade87090734c34.jpg?imwidth=1536,"['Rust red', 'Light grey']",0,15,"['00', '0', '0.5-1.5', '2-3', '3.5-4.5', '5.5-6', '7-7.5']","Soft sole slippers in soft fabric with a hook and loop tab at the top and soft, fluffy linings.",No heel,"Rust red, Block-coloured, Fox",,
unisex,newborn,shoes,BALLET PUMPS,7.99,https://image.hm.com/assets/hm/f3/1b/f31b4010d0a6b5e043309ae60e2fb8722164e622.jpg?imwidth=1536,"['Black', 'Gold-coloured', 'Cream', 'White/Hearts', 'Silver-coloured']",0,15,"['0', '1', '2-3', '4-5', '5.5', '6.5', '7', '8']",Ballet pumps with an elastic strap over the foot. Satin linings and insoles in Cellfit™ technical foam for extra comfort. Patterned soles. Height of soles 0.4 cm.,No heel,"Black/White, Block-coloured",Ballet pumps,
unisex,newborn,shoes,BALLET PUMPS,7.99,https://image.hm.com/assets/hm/85/54/8554c74428ebd33c67437bd892468d341b6112c2.jpg?imwidth=1536,['Silver-coloured'],0,15,"['0', '1', '2-3', '4-5', '5.5', '6.5', '7', '8']",Ballet pumps with an elastic strap over the foot. Satin linings and insoles in Cellfit™ technical foam for extra comfort. Patterned soles. Height of soles 0.4 cm.,No heel,"Silver-coloured, Solid colour",Ballet pumps,
unisex,newborn,shoes,COTTON-KNIT BOOTEES,7.99,https://image.hm.com/assets/hm/c0/4e/c04ee6fc343b025df42c75695d44029e99d51b55.jpg?imwidth=1536,"['Light beige', 'Light dusty pink']",0,15,"['00', '0']",Bootees in a soft cotton-knit with ribbed foldover shafts. Lined.,No heel,"Light beige, Solid colour",Bootees,
unisex,newborn,shoes,BALLET PUMPS,7.99,https://image.hm.com/assets/hm/e1/5e/e15e2c2c448258da15cf93217009355829772628.jpg?imwidth=1536,"['White/Hearts', 'Gold-coloured', 'Cream', 'Black', 'Silver-coloured']",0,15,"['0', '1', '2-3', '4-5', '5.5', '6.5', '7', '8']",Ballet pumps with an elastic strap over the foot. Satin linings and insoles in Cellfit™ technical foam for extra comfort. Patterned soles. Height of soles 0.4 cm.,No heel,"White/Black, Patterned, Hearts",Ballet pumps,
unisex,newborn,shoes,COTTON-KNIT BOOTEES,7.99,https://image.hm.com/assets/hm/8e/1d/8e1d5312e3b5b049d48e25d75f9cf66f1712a5fe.jpg?imwidth=1536,"['Light dusty pink', 'Light beige']",0,15,"['00', '0']",Bootees in a soft cotton-knit with ribbed foldover shafts. Lined.,No heel,"Light dusty pink, Solid colour",Bootees,
unisex,newborn,shoes,SOFT APPLIQUÉD SLIPPERS,12.99,https://image.hm.com/assets/hm/e4/98/e49846170952073ab254aa2786cf819b5b24f53e.jpg?imwidth=1536,"['Light pink/Minnie Mouse', 'Black/Mickey Mouse']",0,15,"['00', '0', '0.5-1.5', '2-3', '3.5-4.5', '5.5-6', '7-7.5 ']","Soft slippers in velour with appliqués at the front and narrow elastication around the opening. Velour linings and insoles, and soft soles.",No heel,"Light pink/Black/Light beige, Minnie Mouse, Minnie Mouse, Disney",,
unisex,newborn,shoes,SOFT APPLIQUÉD SLIPPERS,12.99,https://image.hm.com/assets/hm/63/10/63104eb461a912103afad18973e3e3ac14c6b227.jpg?imwidth=1536,"['Black/Mickey Mouse', 'Light pink/Minnie Mouse']",0,15,"['00', '0', '0.5-1.5', '2-3', '3.5-4.5', '5.5-6', '7-7.5']","Soft slippers in velour with appliqués at the front and narrow elastication around the opening. Velour linings and insoles, and soft soles.",No heel,"Black/Light beige, Mickey Mouse, Mickey Mouse, Disney",,
unisex,newborn,shoes,LOAFERS,12.99,https://image.hm.com/assets/hm/b9/20/b9205c9dad8f6dc2c87d90029b10ca7454e8fe42.jpg?imwidth=1536,['Grey'],0,15,"['2-3', '4-5', '5.5', '6.5', '7', '8']",Classic loafers with a moccasin seam at the front and insoles in Cellfit™ technical foam for extra comfort. Fluted soles. Height of soles 0.4 cm.,No heel,"Grey, Solid colour",Loafers,
unisex,newborn,shoes,GLITTERY BALLET PUMPS,12.99,https://image.hm.com/assets/hm/1d/50/1d5086dfebccbce0f9a6cae1348a7e7c22628dfb.jpg?imwidth=1536,['Black'],0,15,"['0', '1', '2-3', '4-5', '5.5', '6.5', '7', '8']",Glittery ballet pumps with a grosgrain trim around the opening and a buckled strap over the foot. Satin linings and insoles. Fluted soles.,No heel,"Black, Solid colour",Ballet pumps,
unisex,newborn,shoes,BALLET PUMPS,7.99,https://image.hm.com/assets/hm/ec/c3/ecc38cefce81cf92948e5fde15745402b10646ff.jpg?imwidth=1536,['Cream'],0,15,"['0', '1', '2-3', '4-5', '5.5', '6.5', '7', '8']",Ballet pumps with an elastic strap over the foot. Satin linings and insoles in Cellfit™ technical foam for extra comfort. Patterned soles. Height of soles 0.4 cm.,No heel,"Cream, Solid colour",Ballet pumps,
unisex,newborn,shoes,SOFT SLIPPERS,8.99,https://image.hm.com/assets/hm/2c/72/2c72711f08b3c21d5ceff8e01d8a35072db67297.jpg?imwidth=1536,['Light beige/Animals'],0,15,"['00 ', '0', '0.5-1.5', '2-3', '3.5-4.5', '5.5-6', '7-7.5']","Cosy slippers with covered elastication around the opening for a comfortable fit. Fleece linings and insoles, and soft soles with anti-slip protectors.",No heel,"Light beige/White/Black/Brown/Grey, Patterned, Animals",,Anti-slip protectors
unisex,newborn,shoes,BALLET PUMPS,7.99,https://image.hm.com/assets/hm/75/9b/759bcc6e5653230337eb3847426ef8897894d556.jpg?imwidth=1536,"['Gold-coloured', 'Cream', 'White/Hearts', 'Black', 'Silver-coloured']",0,15,"['0', '1', '2-3', '4-5', '5.5', '6.5', '7', '8']",Ballet pumps with an elastic strap over the foot. Satin linings and insoles in Cellfit™ technical foam for extra comfort. Patterned soles. Height of soles 0.4 cm.,No heel,"Gold-coloured, Solid colour",Ballet pumps,
girl,baby,shoes,BOW-DETAIL BALLET PUMPS,9.99,https://image.hm.com/assets/hm/b1/b5/b1b5d39e23540dae9be88b5a6680202d23514020.jpg?imwidth=1536,['Brown/Leopard print'],0,15,"['0', '1', '2-3', '4-5', '5.5', '6.5', '7', '8']",Ballet pumps with an elastic strap over the foot and a bow-shaped appliqué. Satin linings and insoles in Cellfit™ technical foam for extra comfort. Patterned soles. Height of soles 0.4 cm.,No heel,"Brown/Beige, Leopard-print",Ballet pumps,
girl,baby,shoes,BALLET PUMPS,7.99,https://image.hm.com/assets/hm/f3/1b/f31b4010d0a6b5e043309ae60e2fb8722164e622.jpg?imwidth=1536,"['Black', 'Gold-coloured', 'Cream', 'White/Hearts', 'Silver-coloured']",0,15,"['0', '1', '2-3', '4-5', '5.5', '6.5', '7', '8']",Ballet pumps with an elastic strap over the foot. Satin linings and insoles in Cellfit™ technical foam for extra comfort. Patterned soles. Height of soles 0.4 cm.,No heel,"Black/White, Block-coloured",Ballet pumps,
girl,baby,shoes,BALLET PUMPS,7.99,https://image.hm.com/assets/hm/85/54/8554c74428ebd33c67437bd892468d341b6112c2.jpg?imwidth=1536,"['Silver-coloured', 'Gold-coloured', 'Cream', 'White/Hearts', 'Black']",0,15,"['0', '1', '2-3', '4-5', '5.5', '6.5', '7', '8']",Ballet pumps with an elastic strap over the foot. Satin linings and insoles in Cellfit™ technical foam for extra comfort. Patterned soles. Height of soles 0.4 cm.,No heel,"Silver-coloured, Solid colour",Ballet pumps,
girl,baby,shoes,VELOUR BALLET PUMPS,9.99,https://image.hm.com/assets/hm/4c/b7/4cb7f3b891a5f9a8bcbd0dc343b1b1d43c6b5fa1.jpg?imwidth=1536,['Pink'],0,15,"['0', '1', '2-3', '4-5', '5.5', '6.5', '7', '8']","Ballet pumps in velour with round toes, a tab over the foot with a shiny, metal press-stud and a grosgrain loop at the back. Insoles in Cellfit™ technical foam for extra comfort. Lined. Height of soles 0.4 cm.",No heel,"Pink, Solid colour",Ballet pumps,
girl,baby,shoes,WATER-REPELLENT BOOTEES,7.99,https://image.hm.com/assets/hm/5d/6f/5d6fc7e33f45e38606a65a7d30e5b2c579d661ef.jpg?imwidth=1536,"['Pink', 'Black']",0,15,"['0.5-2', '3-4.5', '5.5-7', '7.5-9']","Bootees in windproof, water-repellent functional fabric with elastication around the ankles and top. Soft fleece linings and insoles and soft soles. The bootees have a water-repellent coating without fluorocarbons.",No heel,"Pink, Solid colour",Bootees,Folded seams
girl,baby,shoes,WELLINGTONS,19.99,https://image.hm.com/assets/hm/c2/e4/c2e49a9701b24cadc942db98cd62084c4dbb591d.jpg?imwidth=1536,['Beige/Leopard-print'],0,15,"['2-3', '4-5', '5.5', '6.5', '7', '8']",Wellingtons for waterproof outdoor play with linings in scuba featuring an extended shaft with loops front and back. Insoles in Cellfit™ technical foam for extra comfort. Chunky soles that are patterned underneath for a good grip. Height of soles 2.1 cm.,No heel,"Beige/Black, Leopard-print",Wellingtons,
girl,baby,shoes,BALLET PUMPS,7.99,https://image.hm.com/assets/hm/e1/5e/e15e2c2c448258da15cf93217009355829772628.jpg?imwidth=1536,"['White/Hearts', 'Gold-coloured', 'Cream', 'Black', 'Silver-coloured']",0,15,"['0', '1', '2-3', '4-5', '5.5', '6.5', '7', '8']",Ballet pumps with an elastic strap over the foot. Satin linings and insoles in Cellfit™ technical foam for extra comfort. Patterned soles. Height of soles 0.4 cm.,No heel,"White/Black, Patterned, Hearts",Ballet pumps,
girl,baby,shoes,PATTERNED BALLET PUMPS,12.99,https://image.hm.com/assets/hm/41/d4/41d451ed7380aa2ec800354b2d3b8eded9af13b2.jpg?imwidth=1536,['Cream/Floral'],0,15,"['0', '1', '2-3', '4-5', '5.5', '6.5', '7', '8']","Ballet pumps with a floral print, a grosgrain trim around the opening and a buckled strap over the foot. Satin linings and insoles in Cellfit™ technical foam for extra comfort. Patterned soles. Height of soles 0.8 cm.",No heel,"Cream/Light pink/Light green, Floral",Ballet pumps,
girl,baby,shoes,LEATHER BALLET PUMPS,42.99,https://image.hm.com/assets/hm/bb/41/bb416bb45a6a6f5dcd421f35fc8d63e446393b4d.jpg?imwidth=1536,['Black'],0,15,"['1', '2-3', '4-5', '5.5', '6.5', '7', '8']","H&M Adorables. Ballet pumps in leather with round toes and a foot strap with a press-stud. Linings and insoles in soft leather. Height of soles 0.4 cm. The H&M Adorables collection is a curated selection of high-comfort, quality pieces with a timeless appeal.",No heel,"Black, Solid colour",Ballet pumps,H&M Premium Selection
girl,baby,shoes,BALLET PUMPS,9.99,https://image.hm.com/assets/hm/4a/f1/4af117388822bcf21b1e5b6ef6dceaac1128c6e9.jpg?imwidth=1536,['White'],0,15,"['0', '1', '2-3', '4-5', '5.5', '6.5', '7', '8']",Ballet pumps with a grosgrain trim around the top edge and an elastic strap over the foot. Linings in satin and insoles in Cellfit™ technical foam for extra comfort. Height of soles 0.4 cm.,No heel,"White, Solid colour",Ballet pumps,
girl,baby,shoes,BALLET PUMPS WITH APPLIQUÉS,12.99,https://image.hm.com/assets/hm/13/61/13614059df67a3631e2383042ae931f606f9483b.jpg?imwidth=1536,['Light pink'],0,15,"['0', '1', '2-3', '4-5', '5.5', '6.5', '7', '8']",Ballet pumps with a grosgrain trim around the opening and an elastic strap over the foot featuring flower shaped appliqués. Satin linings and insoles in Cellfit™ technical foam for extra comfort. Patterned soles. Height of soles 0.4 cm.,No heel,"Light pink, Solid colour",Ballet pumps,
girl,baby,shoes,BALLET PUMPS,9.99,https://image.hm.com/assets/hm/db/37/db37501ea36cf51eca00d968ebfc98236fcb34d7.jpg?imwidth=1536,['White'],0,15,"['0', '1', '2-3', '4-5', '5.5', '6.5', '7', '8']",Ballet pumps with a grosgrain trim around the top edge and an elastic strap over the foot. Linings in satin and insoles in Cellfit™ technical foam for extra comfort. Height of soles 0.4 cm.,No heel,"White, Solid colour",Ballet pumps,
girl,baby,shoes,LOAFERS,12.99,https://image.hm.com/assets/hm/b9/20/b9205c9dad8f6dc2c87d90029b10ca7454e8fe42.jpg?imwidth=1536,['Grey'],0,15,"['2-3', '4-5 ', '5.5', '6.5', '7', '8']",Classic loafers with a moccasin seam at the front and insoles in Cellfit™ technical foam for extra comfort. Fluted soles. Height of soles 0.4 cm.,No heel,"Grey, Solid colour",Loafers,
girl,baby,shoes,APPLIQUÉD BALLET PUMPS,9.99,https://image.hm.com/assets/hm/fd/cc/fdcc69261ee97b56c2d4904572be1af391df27f1.jpg?imwidth=1536,"['Red', 'Black']",0,15,"['0', '1', '2-3', '4-5', '5.5', '6.5', '7', '8']",Ballet pumps that have an elastic strap with an appliqué over the foot. Satin linings and insoles in Cellfit™ technical foam for extra comfort. Patterned soles. Height of soles 0.4 cm.,No heel,"Red, Solid colour",Ballet pumps,
girl,baby,shoes,BALLET PUMPS,7.99,https://image.hm.com/assets/hm/ec/c3/ecc38cefce81cf92948e5fde15745402b10646ff.jpg?imwidth=1536,"['Cream', 'Gold-coloured', 'White/Hearts', 'Black', 'Silver-coloured']",0,15,"['0', '1', '2-3', '4-5', '5.5', '6.5', '7', '8']",Ballet pumps with an elastic strap over the foot. Satin linings and insoles in Cellfit™ technical foam for extra comfort. Patterned soles. Height of soles 0.4 cm.,No heel,"Cream, Solid colour",Ballet pumps,
girl,baby,shoes,FLOWER-DETAIL SANDALS,9.99,https://image.hm.com/assets/hm/52/6f/526f9a8b00b407a699c1fc92cdee85c1c14a675c.jpg?imwidth=1536,['Cream'],0,15,"['2-3', '4-5 ', '5.5', '6.5', '7', '8']",Sandals with decorative flower appliqués at the front. Loop at the back and a strap with a hook and loop fastening. Fluted soles. Height of soles 1 cm.,Low heel,"Cream, Solid colour",Sandals,
girl,baby,shoes,STRAP SANDALS,9.99,https://image.hm.com/assets/hm/31/ea/31eac68ef299b9063732b9ad0fb2221dd5d52449.jpg?imwidth=1536,['Cream'],0,15,"['2-3', '4-5 ', '5.5', '6.5', '7', '8']","Sandals with a wide foot strap, round, open toes and an ankle strap with a hook and loop fastening. Cotton canvas insoles and a braided jute trim around the soles. Height of soles 1.5 cm.",No heel,"Cream, Solid colour",Sandals,
boy,baby,shoes,CHELSEA BOOTS,17.99,https://image.hm.com/assets/hm/78/68/78680d42b62bc51800bfd3f916a9f3685d2b66bc.jpg?imwidth=1536,['Light brown'],0,15,"['2-3', '4-5', '5.5', '6.5', '7', '8']","Chelsea boots with an elastic gore on one side, a zip on the other and a grosgrain loop at the back. Soft velour linings and insoles in Cellfit™ technical foam for extra comfort. Patterned soles. Height of soles 2.3 cm.",Low heel,"Light brown, Solid colour","Boots, Chelsea boots",
boy,baby,shoes,CHELSEA BOOTS,17.99,https://image.hm.com/assets/hm/d9/29/d9299b1710d396383574e92cfb22667600971c1f.jpg?imwidth=1536,"['Black', 'Light brown']",0,15,"['2-3', '4-5', '5.5', '6.5', '7', '8']","Chelsea boots with an elastic gore on one side, a zip on the other and a grosgrain loop at the back. Soft velour linings and insoles in Cellfit™ technical foam for extra comfort. Patterned soles. Height of soles 2.3 cm.",Low heel,"Black, Solid colour","Boots, Chelsea boots",
boy,baby,shoes,BOOTS,14.99,https://image.hm.com/assets/hm/c9/5f/c95f51d2111f7b7254c8725364fb4eab6a57a610.jpg?imwidth=1536,"['Pink', 'Light brown']",0,15,"['2-3', '4-5', '5.5', '6.5', '7', '8']",Boots featuring a strap and loop on one side and a zip on the other. Canvas linings and insoles in Cellfit™ technical foam for extra comfort. Patterned soles. Height of soles 1.4 cm.,Low heel,"Pink, Solid colour","Boots, Chelsea boots",
boy,baby,shoes,BOOTS,14.99,https://image.hm.com/assets/hm/e0/81/e0819ebcc4996641f3cb677c9c4374582c7656c7.jpg?imwidth=1536,['Light brown'],0,15,"['2-3', '4-5', '5.5', '6.5', '7', '8']",Boots featuring a strap and loop on one side and a zip on the other. Canvas linings and insoles in Cellfit™ technical foam for extra comfort. Patterned soles. Height of soles 1.4 cm.,Low heel,"Light brown, Solid colour","Boots, Chelsea boots",
boy,baby,shoes,WARM-LINED HI-TOP TRAINERS,17.99,https://image.hm.com/assets/hm/f0/bd/f0bd39272711e04818db1f3d1f4b396aacbd2426.jpg?imwidth=1536,['Dark grey'],0,15,"['2-3', '4-5', '5.5', '6.5', '7', '8']","Warm-lined hi-top trainers. Elasticated lacing and a hook and loop tab at the front, and a loop at the back. Soft velboa linings and insoles in Cellfit™ technical foam for extra comfort. Patterned soles. Height of soles 2.3 cm.",No heel,"Dark grey, Solid colour",Trainers,
boy,baby,shoes,WARM-LINED BOOTS,19.99,https://image.hm.com/assets/hm/04/80/048012b6706b52b619f2d9c372415eaa44a6f8be.jpg?imwidth=1536,['Brown'],0,15,"['2-3', '4-5', '5.5', '6.5', '7', '8']","Warm-lined, chunky-soled boots with a padded top edge and a loop at the back, lacing at the front, a zip on one side and a moccasin seam at the front. Soft velour linings and insoles in Cellfit™ technical foam for extra comfort. Height of soles 1.7 cm.",Low heel,"Brown/Beige, Solid colour",Lace-up boots,
boy,baby,shoes,CANVAS TRAINERS,9.99,https://image.hm.com/assets/hm/7b/c4/7bc46738c711de8c692e5835be683a8e0b08900b.jpg?imwidth=1536,['Cream'],0,15,"['2-3', '4-5', '5.5', '6.5', '7', '8']",Trainers in cotton canvas with concealed elastication over the foot and decorative eyelets. Canvas linings and insoles in Cellfit™ technical foam for extra comfort. Patterned soles. Height of soles 1.5 cm.,No heel,"Cream, Solid colour","Slip-on, Trainers",
boy,baby,shoes,CANVAS TRAINERS,9.99,https://image.hm.com/assets/hm/a7/c4/a7c400f7a32de8b69e7e906f6dd5b99977bf7fa7.jpg?imwidth=1536,['Grey'],0,15,"['2-3', '4-5', '5.5', '6.5', '7', '8']",Trainers in cotton canvas with concealed elastication over the foot and decorative eyelets. Canvas linings and insoles in Cellfit™ technical foam for extra comfort. Patterned soles. Height of soles 1.5 cm.,No heel,"Grey, Solid colour","Slip-on, Trainers",
boy,baby,shoes,CANVAS TRAINERS,9.99,https://image.hm.com/assets/hm/f0/db/f0dbcdad0f4827077a1422519c594e67c82bbb40.jpg?imwidth=1536,['Light coral pink'],0,15,"['2-3', '4-5', '5.5', '6.5', '7', '8']",Trainers in cotton canvas with concealed elastication over the foot and decorative eyelets. Canvas linings and insoles in Cellfit™ technical foam for extra comfort. Patterned soles. Height of soles 1.5 cm.,No heel,"Light coral pink, Solid colour","Slip-on, Trainers",
boy,baby,shoes,WELLINGTONS,14.99,https://image.hm.com/assets/hm/7f/6e/7f6e7adbec2798fcb81d5085db0810f838e67f4b.jpg?imwidth=1536,"['Light beige/Dog', 'Cream/Floral', 'Black']",0,15,"['2-3', '4-5', '5.5', '6.5', '7', '8']",Wellingtons for waterproof outdoor play. Jersey linings and insoles in Cellfit™ technical foam for extra comfort. Patterned soles for a good grip. Height of soles 2.1 cm.,No heel,"Light beige/Beige, Dog",Wellingtons,
boy,baby,shoes,TRAINERS,14.99,https://image.hm.com/assets/hm/3b/b5/3bb51fb0efb6e6d0e7cba3b790bca0ea67443cb8.jpg?imwidth=1536,"['White', 'Cream/Metallic shimmer']",0,15,"['2-3', '4-5', '5.5', '6.5', '7', '8']",Low profile trainers in imitation suede with hook and loop tabs at the front and a padded edge with a small loop at the back. Mesh linings and insoles and patterned rubber soles. Height of soles 1.9 cm.,No heel,"White/Black/Beige, Block-coloured",Trainers,
boy,baby,shoes,SOFT SLIPPERS,7.99,https://image.hm.com/assets/hm/20/0c/200c6cc59d6a58e38d8133823b7ed6d5b1a842b7.jpg?imwidth=1536,['Brown'],0,15,"['00', '0', '0.5-1.5', '2-3', '3.5-4.5', '5.5-6', '7-7.5']","Cosy slippers with covered elastication around the opening for a comfortable fit. Linings and insoles in fluffy fabric, and soft soles with anti-slip protectors.",,"Brown, Solid colour",,Anti-slip protectors
boy,baby,shoes,WELLINGTONS,14.99,https://image.hm.com/assets/hm/a6/7b/a67b49dccfa7e651a518293f9d06fb29229e6da9.jpg?imwidth=1536,['Cream/Floral'],0,15,"['2-3', '4-5', '5.5', '6.5', '7', '8']",Wellingtons for waterproof outdoor play. Jersey linings and insoles in Cellfit™ technical foam for extra comfort. Patterned soles for a good grip. Height of soles 2.1 cm.,No heel,"Cream/Pink/Purple/Orange, Floral",Wellingtons,
boy,baby,shoes,SOFT SLIPPERS,8.99,https://image.hm.com/assets/hm/bf/e2/bfe2557405424df0129c8ffb6ce75aab19f5d060.jpg?imwidth=1536,"['Light grey', 'Rust red']",0,15,"['00', '0', '0.5-1.5', '2-3', '3.5-4.5', '5.5-6', '7-7.5']","Soft sole slippers in soft fabric with a hook and loop tab at the top and soft, fluffy linings.",No heel,"Light grey, Solid colour",,
boy,baby,shoes,BLOCK-COLOURED TRAINERS,15.99,https://image.hm.com/assets/hm/76/c6/76c6e8881eda5ffe945541d8d5677ddd21e15d8a.jpg?imwidth=1536,"['White/Red', 'White/Green']",0,15,"['2-3', '4-5', '5.5', '6.5', '7', '8']",Block-coloured trainers with hook and loop tabs at the front and a loop at the back. Piqué linings and insoles in Cellfit™ technical foam for extra comfort. Patterned soles. Height of soles 2.5 cm.,No heel,"White/Red/Light beige, Block-coloured",Trainers,
boy,baby,shoes,SOFT SLIPPERS,8.99,https://image.hm.com/assets/hm/e6/b9/e6b9555805f39fe48536dd16e9ade87090734c34.jpg?imwidth=1536,['Rust red'],0,15,"['00', '0', '0.5-1.5', '2-3', '3.5-4.5', '5.5-6', '7-7.5']","Soft sole slippers in soft fabric with a hook and loop tab at the top and soft, fluffy linings.",No heel,"Rust red, Block-coloured, Fox",,
boy,baby,shoes,TRAINERS,14.99,https://image.hm.com/assets/hm/7e/3d/7e3ddcf8b070c985735fc34d61004a3e1394bc67.jpg?imwidth=1536,"['Cream/Metallic shimmer', 'White']",0,15,"['2-3', '4-5', '5.5', '6.5', '7', '8']",Low profile trainers in imitation suede with hook and loop tabs at the front and a padded edge with a small loop at the back. Mesh linings and insoles and patterned rubber soles. Height of soles 1.9 cm.,No heel,"Cream/Gold-coloured/Metallic pink/Silver-coloured, Block-coloured",Trainers,
boy,baby,shoes,WELLINGTONS,14.99,https://image.hm.com/assets/hm/c5/4e/c54ecf9c99a2d70f4d1d423683ebfc508710bc9c.jpg?imwidth=1536,"['Black', 'Cream/Floral', 'Light beige/Dog']",0,15,"['2-3', '4-5', '5.5', '6.5', '7', '8']",Wellingtons for waterproof outdoor play. Jersey linings and insoles in Cellfit™ technical foam for extra comfort. Patterned soles for a good grip. Height of soles 2.1 cm.,No heel,"Black, Solid colour",Wellingtons,
girl,kids,shoes,GLITTERY TRAINERS,14.99,https://image.hm.com/assets/hm/89/90/899057236389424621b9f7b6cd3f7b5d5b8ce071.jpg?imwidth=1536,['Gold-coloured'],12.5,23,"['7', '8', '9', '9.5', '10.5', '11', '12', '13', '13.5', '1', '2']",Glittery trainers with a hook and loop tab at the top and elasticated lacing at the front. Insoles in Cellfit™ technical foam for extra comfort. Patterned soles for a good grip. Height of soles 2.5 cm.,No heel,"Gold-coloured, Solid colour",Trainers,
girl,kids,shoes,TRAINERS,17.99,https://image.hm.com/assets/hm/43/ca/43ca0811d99a7caab18aabced4cc5cf6f71eb969.jpg?imwidth=1536,['White'],12.5,23,"['7', '8', '9', '9.5', '10.5', '11', '12', '13', '13.5', '1', '2']","Trainers with a padded edge and tongue, elasticated lacing, a hook and loop fastening at the front and a ripstop loop at the back. Linings in mesh and insoles in Cellfit™ technical foam for extra comfort. Patterned soles with a good grip. Height of soles 2 cm.",No heel,"White, Solid colour",Trainers,
girl,kids,shoes,BLOCK-COLOURED TRAINERS,17.99,https://image.hm.com/assets/hm/43/0e/430eb75f0933373dbac952bd9d5fe8e5b5c5f94e.jpg?imwidth=1536,"['White/Beige', 'White', 'Black']",12.5,23,"['7', '8', '9', '9.5', '10.5', '11', '12', '13', '13.5', '1', '2']",Trainers with elasticated lacing and a hook and loop tab at the front. Mesh linings and insoles in Cellfit™ technical foam for extra comfort. Patterned soles. Height of soles 2.4 cm.,No heel,"White/Light beige/Black, Block-coloured",Trainers,
girl,kids,shoes,TRAINERS,17.99,https://image.hm.com/assets/hm/a5/57/a55765b63417688e54d95b34e60c8b839ac77349.jpg?imwidth=1536,"['Beige/White', 'White/Spotted']",12.5,23,"['7', '8', '9', '9.5', '10.5', '11', '12', '13', '13.5', '1', '2']",Court-style trainers with elasticated lacing and a hook and loop tab at the front. Lightly padded edge and tongue and a grosgrain loop at the back. Linings in mesh and insoles in Cellfit™ technical foam for extra comfort. Height of soles 2.4 cm.,No heel,"Beige/White, Block-coloured",Trainers,
girl,kids,shoes,TRAINERS,17.99,https://image.hm.com/assets/hm/63/c9/63c92f3bdd34fb57a02b2ac99799bd6944f86c20.jpg?imwidth=1536,"['White/Spotted', 'Beige/White']",12.5,23,"['7', '8', '9', '9.5', '10.5', '11', '12', '13', '13.5', '1', '2']",Court-style trainers with elasticated lacing and a hook and loop tab at the front. Lightly padded edge and tongue and a grosgrain loop at the back. Linings in mesh and insoles in Cellfit™ technical foam for extra comfort. Height of soles 2.4 cm.,No heel,"White/Black, Spotted",Trainers,
girl,kids,shoes,PRINTED SLIP-ON TRAINERS,12.99,https://image.hm.com/assets/hm/1d/55/1d55c1162b9af527b3ba4c0ad60f7adf1a2049f1.jpg?imwidth=1536,['White/Patterned'],12.5,23,"['7', '8', '9', '9.5', '10.5', '11', '12', '13', '13.5', '1', '2']","Disney x Keith Haring. Slip-on trainers in printed canvas with a soft, padded top edge and a fluted bumper. Elastic gores in the sides and a loop at the back. Linings in canvas and insoles in Cellfit™ technical foam for extra comfort. Rubber soles.",No heel,"White/Black, Keith Haring, Patterned, Mickey Mouse, Mickey Mouse","Slip-on, Trainers",
girl,kids,shoes,CANVAS TRAINERS,12.99,https://image.hm.com/assets/hm/fb/7d/fb7dcfe8305366280574d4f274605addf572d9eb.jpg?imwidth=1536,['Brown/Bonjour Mon Ami'],12.5,23,"['7', '8', '9', '9.5', '10.5', '11', '12', '13', '13.5', '1', '2']",Trainers in printed cotton canvas with hook and loop tabs at the front and a loop at the back. Cotton canvas linings and insoles in Cellfit™ technical foam for extra comfort. Patterned rubber soles for a good grip. Height of soles 2.5 cm.,No heel,"Brown/Cream/Red, Bonjour mon ami!, Patterned, Dogs",Trainers,
girl,kids,shoes,TRAINERS,17.99,https://image.hm.com/assets/hm/ac/2e/ac2ec0182e3e72367bef7463d2a52e37547cac19.jpg?imwidth=1536,"['Light beige', 'White', 'Navy blue/Block-coloured', 'Dark denim blue/Block-coloured', 'White']",12.5,23,"['7', '8', '9', '9.5', '10.5', '11', '12', '13', '13.5', '1', '2']","Trainers with a padded edge and tongue, elasticated lacing, a hook and loop fastening at the front and a ripstop loop at the back. Linings in mesh and insoles in Cellfit™ technical foam for extra comfort. Patterned soles with a good grip. Height of soles 2 cm.",No heel,"Light beige/White/Brown, Block-coloured",Trainers,
girl,kids,shoes,GLITTERY TRAINERS,14.99,https://image.hm.com/assets/hm/43/4c/434c69249b2bb663d3821d2ce39c2936ebc2b9b0.jpg?imwidth=1536,['Pink'],12.5,23,"['7', '8', '9', '9.5', '10.5', '11', '12', '13', '13.5', '1', '2']",Glittery trainers with a hook and loop tab at the top and elasticated lacing at the front. Insoles in Cellfit™ technical foam for extra comfort. Patterned soles for a good grip. Height of soles 2.5 cm.,No heel,"Pink, Solid colour",Trainers,
girl,kids,shoes,BLOCK-COLOURED TRAINERS,17.99,https://image.hm.com/assets/hm/7b/7f/7b7f5c4e85ff65bb0c0a4cd3d851d0384c6d79b1.jpg?imwidth=1536,['Black'],12.5,23,"['7', '8', '9', '9.5', '10.5', '11', '12', '13', '13.5', '1', '2']",Trainers with elasticated lacing and a hook and loop tab at the front. Mesh linings and insoles in Cellfit™ technical foam for extra comfort. Patterned soles. Height of soles 2.4 cm.,No heel,"Black/White, Block-coloured",Trainers,
girl,kids,shoes,TRAINERS,14.99,https://image.hm.com/assets/hm/76/bd/76bd4fc673c1710237175128f21fa4b737d949e7.jpg?imwidth=1536,"['Black/Minnie Mouse', ""White/Gabby's Dollhouse""]",12.5,23,"['7', '8', '9', '9.5', '10.5', '11', '12', '13', '13.5', '1', '2']","Trainers with a hook and loop tab at the top, elasticated lacing at the front and a grosgrain loop at the back. Piqué linings and insoles in Cellfit™ technical foam for extra comfort. Height of soles 2.5 cm.",No heel,"Black/Light pink/White, Minnie, Patterned, Minnie Mouse, Minnie Mouse, Disney",Trainers,
girl,kids,shoes,BLOCK-COLOURED TRAINERS,17.99,https://image.hm.com/assets/hm/e7/28/e728a142354847f7cf161b0dfe07737fad137d76.jpg?imwidth=1536,['White'],12.5,23,"['7', '8', '9', '9.5', '10.5', '11', '12', '13', '13.5', '1', '2']",Trainers with elasticated lacing and a hook and loop tab at the front. Mesh linings and insoles in Cellfit™ technical foam for extra comfort. Patterned soles. Height of soles 2.4 cm.,No heel,White/Khaki green,Trainers,
girl,kids,shoes,WATERPROOF HI-TOP TRAINERS,29.99,https://image.hm.com/assets/hm/b0/a1/b0a101466a3db68a57527cef3f3a15abed1348a4.jpg?imwidth=1536,['Dusty pink'],12.5,23,"['7', '8', '9', '9.5', '10.5', '11', '12', '13', '13.5', '1', '2']","Waterproof hi-top trainers with a padded edge and tongue, elasticated lacing and a hook and loop tab at the front. Grosgrain loop at the back. Reflective details for added visibility. Insoles in Cellfit™ technical foam for extra comfort. Chunky soles that are patterned underneath for a good grip. Height of soles 2.5 cm.",No heel,"Dusty pink/White/Beige, Solid colour",Trainers,
boy,kids,shoes,TRAINERS,17.99,https://image.hm.com/assets/hm/01/c4/01c4a5db125e2c09971002e93646789f0712f1b8.jpg?imwidth=1536,['White'],12.5,23,"['7', '8', '9', '9.5', '10.5', '11', '12', '13', '13.5', '1', '2']","Trainers with a padded edge and tongue, elasticated lacing, a hook and loop fastening at the front and a ripstop loop at the back. Linings in mesh and insoles in Cellfit™ technical foam for extra comfort. Patterned soles with a good grip. Height of soles 2 cm.",No heel,"White, Solid colour",Trainers,
girl,kids,shoes,FLUFFY TRAINERS,17.99,https://image.hm.com/assets/hm/a0/94/a094e2dc4d0575bc297e43dba6251cbd0f808f65.jpg?imwidth=1536,['Beige/Block-coloured'],12.5,23,"['7', '8', '9', '9.5', '10.5', '11', '12', '13', '13.5', '1', '2']",Block-coloured trainers in napped fabric with details in fluffy fabric. Appliquéd hook and loop tab and elasticated lacing at the front. Embroidered text motif and a ripstop loop at the back. Piqué linings and insoles in Cellfit™ technical foam for extra comfort. Height of soles 3.2 cm.,No heel,"Beige/Turquoise/Pink/Yellow, Block-coloured, Smiley® Originals",Trainers,
boy,kids,shoes,TRAINERS,17.99,https://image.hm.com/assets/hm/43/ca/43ca0811d99a7caab18aabced4cc5cf6f71eb969.jpg?imwidth=1536,['White'],12.5,23,"['7', '8', '9', '9.5', '10.5', '11', '12', '13', '13.5', '1', '2']","Trainers with a padded edge and tongue, elasticated lacing, a hook and loop fastening at the front and a ripstop loop at the back. Linings in mesh and insoles in Cellfit™ technical foam for extra comfort. Patterned soles with a good grip. Height of soles 2 cm.",No heel,"White, Solid colour",Trainers,
boy,kids,shoes,BLOCK-COLOURED TRAINERS,17.99,https://image.hm.com/assets/hm/43/0e/430eb75f0933373dbac952bd9d5fe8e5b5c5f94e.jpg?imwidth=1536,['White/Beige'],12.5,23,"['7', '8', '9', '9.5', '10.5', '11', '12', '13', '13.5', '1', '2']",Trainers with elasticated lacing and a hook and loop tab at the front. Mesh linings and insoles in Cellfit™ technical foam for extra comfort. Patterned soles. Height of soles 2.4 cm.,No heel,"White/Light beige/Black, Block-coloured",Trainers,
boy,kids,shoes,PRINTED TRAINERS,14.99,https://image.hm.com/assets/hm/b9/1d/b91d9e39d4089175f0c39e3c6661b0849732f686.jpg?imwidth=1536,"['Beige/Bluey', 'Dark green/Mickey Mouse']",12.5,23,"['7', '8', '9', '9.5', '10.5', '11', '12', '13', '13.5', '1', '2']","Trainers with a print motif. Padded top edge and tongue, hook-loop tab, elasticated lacing at the front and a grosgrain loop at the back. Mesh linings and insoles in Cellfit™ technical foam for extra comfort. Height of soles 2.5 cm.",No heel,"Beige/Dark blue/Light blue, Bluey, Bluey, Chilli, Bluey",Trainers,
boy,kids,shoes,MOTIF-DETAIL TRAINERS,17.99,https://image.hm.com/assets/hm/ae/16/ae1617d6207bd1c94d012a25ef11e36f54e1d871.jpg?imwidth=1536,['Beige/Sonic the Hedgehog'],12.5,23,"['7', '8', '9', '9.5', '10.5', '11', '12', '13', '13.5', '1', '2']",Court-style trainers with elasticated lacing and a hook and loop tab at the front. Lightly padded edge and tongue and a grosgrain loop at the back. Linings in mesh and insoles in Cellfit™ technical foam for extra comfort. Height of soles 2.4 cm.,No heel,"Light beige/Dark blue/Red/Blue, Sonic, Sonic the Hedgehog, Sonic the Hedgehog",Trainers,
boy,kids,shoes,PRINTED TRAINERS,17.99,https://image.hm.com/assets/hm/54/1a/541a5f1f9bb10fa1a0958e2057838fef40b7e2ab.jpg?imwidth=1536,['Black/Minecraft'],12.5,23,"['11', '12', '13', '13.5', '1', '2']","Patterned trainers with elasticated lacing, a hook and loop fastening at the front and a ripstop loop at the back. Insoles in Cellfit™ technical foam for extra comfort. Patterned soles with a good grip. Height of soles 2 cm.",No heel,"Black/Green, Patterned, Minecraft",Trainers,
boy,kids,shoes,PRINTED SLIP-ON TRAINERS,12.99,https://image.hm.com/assets/hm/1d/55/1d55c1162b9af527b3ba4c0ad60f7adf1a2049f1.jpg?imwidth=1536,['White/Patterned'],12.5,23,"['7', '8', '9', '9.5', '10.5', '11', '12', '13', '13.5', '1', '2']","Disney x Keith Haring. Slip-on trainers in printed canvas with a soft, padded top edge and a fluted bumper. Elastic gores in the sides and a loop at the back. Linings in canvas and insoles in Cellfit™ technical foam for extra comfort. Rubber soles.",No heel,"White/Black, Keith Haring, Patterned, Mickey Mouse, Mickey Mouse","Slip-on, Trainers",
boy,kids,shoes,CANVAS TRAINERS,12.99,https://image.hm.com/assets/hm/fb/7d/fb7dcfe8305366280574d4f274605addf572d9eb.jpg?imwidth=1536,['Brown/Bonjour Mon Ami'],12.5,23,"['7', '8', '9', '9.5', '10.5', '11', '12', '13', '13.5', '1', '2']",Trainers in printed cotton canvas with hook and loop tabs at the front and a loop at the back. Cotton canvas linings and insoles in Cellfit™ technical foam for extra comfort. Patterned rubber soles for a good grip. Height of soles 2.5 cm.,No heel,"Brown/Cream/Red, Bonjour mon ami!, Patterned, Dogs",Trainers,
boy,kids,shoes,PRINTED TRAINERS,14.99,https://image.hm.com/assets/hm/b6/75/b67574adb49d4bd66e221197f9915f496f438974.jpg?imwidth=1536,"['Dark green/Mickey Mouse', 'Beige/Bluey']",12.5,23,"['7', '8', '9', '9.5', '10.5', '11', '12', '13', '13.5', '1', '2']","Trainers with a print motif. Padded top edge and tongue, hook-loop tab, elasticated lacing at the front and a grosgrain loop at the back. Mesh linings and insoles in Cellfit™ technical foam for extra comfort. Height of soles 2.5 cm.",No heel,"Dark green/Black/Red/White/Yellow, Mickey, Mickey Mouse, Pluto, Mickey Mouse, Disney",Trainers,
boy,kids,shoes,TRAINERS,17.99,https://image.hm.com/assets/hm/ac/2e/ac2ec0182e3e72367bef7463d2a52e37547cac19.jpg?imwidth=1536,['Light beige'],12.5,23,"['7', '8', '9', '9.5', '10.5', '11', '12', '13', '13.5', '1', '2']","Trainers with a padded edge and tongue, elasticated lacing, a hook and loop fastening at the front and a ripstop loop at the back. Linings in mesh and insoles in Cellfit™ technical foam for extra comfort. Patterned soles with a good grip. Height of soles 2 cm.",No heel,"Light beige/White/Brown, Block-coloured",Trainers,
boy,kids,shoes,BLOCK-COLOURED TRAINERS,17.99,https://image.hm.com/assets/hm/7b/7f/7b7f5c4e85ff65bb0c0a4cd3d851d0384c6d79b1.jpg?imwidth=1536,"['Black', 'White/Beige', 'White']",12.5,23,"['7', '8', '9', '9.5', '10.5', '11', '12', '13', '13.5', '1', '2']",Trainers with elasticated lacing and a hook and loop tab at the front. Mesh linings and insoles in Cellfit™ technical foam for extra comfort. Patterned soles. Height of soles 2.4 cm.,No heel,"Black/White, Block-coloured",Trainers,
boy,kids,shoes,TRAINERS,14.99,https://image.hm.com/assets/hm/73/ce/73ce92fef978b4ed47363f48dde089b1aead47a0.jpg?imwidth=1536,"['Dark red', 'Dark grey']",12.5,23,"['7', '8', '9', '9.5', '10.5', '11', '12', '13', '13.5', '1', '2']",Trainers with lacing at the front and a grosgrain loop at the back. Piqué linings and insoles in Cellfit™ technical foam for extra comfort. Vulcanised rubber soles. Height of soles 2.3 cm.,No heel,"Dark red, Solid colour",Trainers,
boy,kids,shoes,BLOCK-COLOURED TRAINERS,17.99,https://image.hm.com/assets/hm/e7/28/e728a142354847f7cf161b0dfe07737fad137d76.jpg?imwidth=1536,['White'],12.5,23,"['7', '8', '9', '9.5', '10.5', '11', '12', '13', '13.5', '1', '2']",Trainers with elasticated lacing and a hook and loop tab at the front. Mesh linings and insoles in Cellfit™ technical foam for extra comfort. Patterned soles. Height of soles 2.4 cm.,No heel,White/Khaki green,Trainers,
boy,kids,shoes,WATERPROOF HI-TOP TRAINERS,29.99,https://image.hm.com/assets/hm/19/a6/19a68b2339bacfe5d1a74809f08dad27b45273ab.jpg?imwidth=1536,['Black'],12.5,23,"['7', '8', '9', '9.5', '10.5', '11', '12', '13', '13.5', '1', '2']","Waterproof hi-top trainers with a padded edge and tongue, elasticated lacing and a hook and loop tab at the front. Grosgrain loop at the back. Reflective details for added visibility. Insoles in Cellfit™ technical foam for extra comfort. Chunky soles that are patterned underneath for a good grip. Height of soles 3 cm.",No heel,"Black, Solid colour",Trainers,
boy,kids,shoes,TRAINERS,15.99,https://image.hm.com/assets/hm/cd/42/cd423b82196af17e0c32dea3c68b3146d4f4ec7f.jpg?imwidth=1536,['Black'],12.5,23,"['7', '8', '9', '9.5', '10.5', '11', '12', '13', '13.5', '1', '2']","Trainers with a lightly padded edge and tongue, hook and loop tabs at the front and a grosgrain loop at the back. Soft mesh linings and insoles and patterned soles.",No heel,"Black, Solid colour",Trainers,
boy,kids,shoes,TRAINERS,14.99,https://image.hm.com/assets/hm/3a/c7/3ac799baba475866051f3798b88d828ad6ff4262.jpg?imwidth=1536,['Dark grey'],12.5,23,"['7', '8', '9', '9.5', '10.5', '11', '12', '13', '13.5', '1', '2']",Trainers with lacing at the front and a grosgrain loop at the back. Piqué linings and insoles in Cellfit™ technical foam for extra comfort. Vulcanised rubber soles. Height of soles 2.3 cm.,No heel,"Dark grey, Solid colour",Trainers,
girl,teen,shoes,TRAINERS,19.99,https://image.hm.com/assets/hm/da/51/da510d5011e61dded9647493aedad66293b78f55.jpg?imwidth=1536,"['Beige', 'White/Block-coloured', 'White/Block-coloured', 'Black']",19,29,"['2', '3', '3.5', '4', '5']","Classic, clean-style trainers with a lightly padded edge and tongue and lacing at the front. Linings in piqué and insoles in Cellfit™ technical foam for extra comfort. Patterned soles. Height of soles 3 cm.",No heel,"Beige, Solid colour",Trainers,
girl,teen,shoes,BOW-DETAIL BALLET PUMPS,12.99,https://image.hm.com/assets/hm/d9/4c/d94c44ba3609ff6518a7963604186a8896f26bbb.jpg?imwidth=1536,"['Beige/Leopard-print ', 'Black']",19,29,"['2', '3', '3.5', '4', '5', '6']",Ballet pumps with a narrow trim around the opening and a decorative bow at the front. Jersey linings and insoles in Cellfit™ technical foam for extra comfort. Height of soles 1 cm.,No heel,"Beige/Black, Leopard-print",Ballet pumps,
girl,teen,shoes,BOW-DETAIL BALLET PUMPS,12.99,https://image.hm.com/assets/hm/51/c3/51c3f87b40a41ab23e7e6af5cacbcdfa4dca9595.jpg?imwidth=1536,"['Black', 'Beige/Leopard-print ']",19,29,"['2', '3', '3.5', '4', '5', '6']",Ballet pumps with a narrow trim around the opening and a decorative bow at the front. Jersey linings and insoles in Cellfit™ technical foam for extra comfort. Height of soles 1 cm.,No heel,"Black, Solid colour",Ballet pumps,
girl,teen,shoes,TRAINERS,19.99,https://image.hm.com/assets/hm/58/2a/582acd5158f82223e2b60f08a2cae6f14bd15388.jpg?imwidth=1536,['White'],19,29,"['3', '3.5', '4', '5', '6', '7', '7.5', '8']","Classic, clean-style trainers with a lightly padded edge and tongue, lacing at the front and piqué linings. Insoles in Cellfit™ technical foam for extra comfort. Patterned soles. Height of soles 3 cm.",No heel,"White, Solid colour",Trainers,
girl,teen,shoes,CHELSEA BOOTS,24.99,https://image.hm.com/assets/hm/d7/a7/d7a71622da467e9ed93418d77684e2a68dfd96be.jpg?imwidth=1536,"['Beige', 'Black']",19,29,"['2', '3', '3.5', '4', '5', '6']",Chelsea boots with elastic gores at the sides and a loop at the back. Soft velour linings and insoles in Cellfit™ technical foam for extra comfort. Height of soles 2.7 cm.,Low heel,Beige,Chelsea boots,
girl,teen,shoes,TRAINERS,19.99,https://image.hm.com/assets/hm/af/98/af9851822950b089271621faf4bb2d0ab969843e.jpg?imwidth=1536,['White/Block-coloured'],19,29,"['2', '3', '3.5', '4', '5', '6']","Classic, clean-style trainers with a lightly padded edge and tongue and lacing at the front. Linings in piqué and insoles in Cellfit™ technical foam for extra comfort. Patterned soles. Height of soles 3 cm.",No heel,"White/Greige/Black, Block-coloured",Trainers,
girl,teen,shoes,CHELSEA BOOTS,24.99,https://image.hm.com/assets/hm/98/08/9808963c9a5c392e5bb79a1abcd27c4b41d9d5fb.jpg?imwidth=1536,"['Black', 'Beige']",19,29,"['2', '3', '3.5', '4', '5', '6']",Chelsea boots with elastic gores at the sides and a loop at the back. Soft velour linings and insoles in Cellfit™ technical foam for extra comfort. Height of soles 2.7 cm.,Low heel,"Black, Solid colour",Chelsea boots,
girl,teen,shoes,WATERPROOF BOOTS,39.99,https://image.hm.com/assets/hm/36/4b/364b63d816039b80499de1c53b9be1289fb6ffda.jpg?imwidth=1536,"['Black', 'Brown']",19,29,"['2', '3', '3.5', '4', '5', '6']","Boots with a waterproof membrane to keep the feet dry. Zip on one side and a loop at the front and back. Soft velour linings and insoles in Cellfit™ technical foam for extra comfort. Chunky, patterned soles. Height of soles 5 cm.",Low heel,"Black, Solid colour",Chelsea boots,
girl,teen,shoes,BALLET PUMPS,8.99,https://image.hm.com/assets/hm/eb/ab/ebabe9181c4c4dbaa2182157c018ba2f1072fe7d.jpg?imwidth=1536,['Black'],19,29,"['2', '3', '3.5', '4', '5']",Ballet pumps with a grosgrain trim around the opening and a decorative bow at the front. Satin linings and insoles in Cellfit™ technical foam for extra comfort. Height of soles 0.85 cm.,No heel,"Black, Solid colour",Ballet pumps,
girl,teen,shoes,SOFT APPLIQUÉD SLIPPERS,14.99,https://image.hm.com/assets/hm/a9/45/a945101ecbb02a91db8e55c2038320e6b5f6914f.jpg?imwidth=1536,['Light pink/My Melody'],19,29,"['2-3', '3.5-4', '5-6']","Slippers in a cosy, fluffy fabric with appliqués at the front. Velour linings and insoles. Soft soles with anti-slip protectors.",,"Light pink/White, My Melody, My Melody",,
girl,teen,shoes,CHUNKY LOAFERS,24.99,https://image.hm.com/assets/hm/c4/29/c4295502bdc20c42a3d493c8863e95e217177ccf.jpg?imwidth=1536,['Black'],19,29,"['2', '3', '3.5', '4', '5']",Loafers with a patent finish featuring a decorative strap over the foot and a moccasin seam at the front. Cotton jersey linings and insoles in Cellfit™ technical foam for extra comfort. Chunky soles that are patterned underneath. Height of soles 4.2 cm.,Low heel,"Black, Solid colour",Loafers,
girl,teen,shoes,FLIP-FLOPS,12.99,https://image.hm.com/assets/hm/7d/3c/7d3c77574ae35057f729cbf9d4a60196f9ce5f02.jpg?imwidth=1536,"['Black', 'Gold-coloured']",19,29,"['2', '3', '3.5', '4', '5']",Sleek flip-flops with straps and a narrow toe post. Height of soles 0.8 cm.,No heel,"Black, Solid colour",Flip-flops,
girl,teen,shoes,LIGHTWEIGHT-SOLE TRAINERS,24.99,https://image.hm.com/assets/hm/73/06/73064e25251badad479a10b4c620156cca124898.jpg?imwidth=1536,['White/Light pink'],19,29,"['2', '3', '3.5', '4', '5', '6']","Trainers with a lightly padded top edge and tongue, lacing at the front and patterned, lightweight soles. Grosgrain loop at the front and back to make them easy to get on and off. Linings in piqué and insoles in Cellfit™ technical foam for extra comfort. Height of soles 3.95 cm.",No heel,"White/Light pink/Light purple/Light yellow/Light blue, Patterned",Trainers,
girl,teen,shoes,CHUNKY CHELSEA BOOTS,29.99,https://image.hm.com/assets/hm/de/07/de079934c63a1b641b146c57ddf19f441a0d4f64.jpg?imwidth=1536,['Black'],19,29,"['2', '3', '3.5', '4', '5']","High-profile Chelsea boots with an elastic gore on one side, a zip on the other and a grosgrain loop at the back. Soft velour linings and insoles in Cellfit™ technical foam for extra comfort. Chunky soles. Height of soles 4.2 cm.",Low heel,"Black, Solid colour",Chelsea boots,
girl,teen,shoes,TRAINERS,19.99,https://image.hm.com/assets/hm/29/05/2905630944385e95e2fe398c53e449f89abe1451.jpg?imwidth=1536,['White/Block-coloured'],19,29,"['2', '3', '3.5', '4', '5']","Classic, clean-style trainers with a lightly padded edge and tongue and lacing at the front. Linings in piqué and insoles in Cellfit™ technical foam for extra comfort. Patterned soles. Height of soles 3 cm.",No heel,"White/Black/Grey, Block-coloured",Trainers,
boy,teen,shoes,TRAINERS,19.99,https://image.hm.com/assets/hm/da/51/da510d5011e61dded9647493aedad66293b78f55.jpg?imwidth=1536,"['Beige', 'White/Block-coloured', 'White/Block-coloured', 'Black']",19,29,"['2', '3', '3.5', '4', '5']","Classic, clean-style trainers with a lightly padded edge and tongue and lacing at the front. Linings in piqué and insoles in Cellfit™ technical foam for extra comfort. Patterned soles. Height of soles 3 cm.",No heel,"Beige, Solid colour",Trainers,
boy,teen,shoes,TRAINERS,19.99,https://image.hm.com/assets/hm/58/2a/582acd5158f82223e2b60f08a2cae6f14bd15388.jpg?imwidth=1536,['White'],19,29,"['3', '3.5', '4', '5', '6', '7', '7.5', '8']","Classic, clean-style trainers with a lightly padded edge and tongue, lacing at the front and piqué linings. Insoles in Cellfit™ technical foam for extra comfort. Patterned soles. Height of soles 3 cm.",No heel,"White, Solid colour",Trainers,
boy,teen,shoes,TRAINERS,19.99,https://image.hm.com/assets/hm/af/98/af9851822950b089271621faf4bb2d0ab969843e.jpg?imwidth=1536,['White/Block-coloured'],19,29,"['2', '3', '3.5', '4', '5', '6']","Classic, clean-style trainers with a lightly padded edge and tongue and lacing at the front. Linings in piqué and insoles in Cellfit™ technical foam for extra comfort. Patterned soles. Height of soles 3 cm.",No heel,"White/Greige/Black, Block-coloured",Trainers,
boy,teen,shoes,WATERPROOF HI-TOP TRAINERS,29.99,https://image.hm.com/assets/hm/76/58/7658b281a325b3bbdcd7f4383dea30e965c4f08a.jpg?imwidth=1536,['Black'],19,29,"['2', '3', '3.5', '4', '5', '6']","Waterproof hi-top trainers with a padded edge and tongue, elasticated lacing and a hook and loop tab at the front. Grosgrain loop at the back. Reflective details for added visibility. Insoles in Cellfit™ technical foam for extra comfort. Chunky soles that are patterned underneath for a good grip. Height of soles 4 cm.",No heel,"Black, Solid colour",Trainers,
boy,teen,shoes,WATERPROOF HI-TOP TRAINERS,29.99,https://image.hm.com/assets/hm/3e/87/3e87aa2e7e2f0b8f3fd7a022b0bca94fdcdd2aa1.jpg?imwidth=1536,['Brown'],19,29,"['2', '3', '3.5', '4', '5', '6']","Waterproof hi-top trainers with a padded edge and tongue, elasticated lacing and a hook and loop tab at the front. Grosgrain loop at the back. Reflective details for added visibility. Insoles in Cellfit™ technical foam for extra comfort. Chunky soles that are patterned underneath for a good grip. Height of soles 4 cm.",No heel,"Brown, Solid colour",Trainers,
boy,teen,shoes,TRAINERS,19.99,https://image.hm.com/assets/hm/29/05/2905630944385e95e2fe398c53e449f89abe1451.jpg?imwidth=1536,"['White/Block-coloured', 'White/Block-coloured', 'Black', 'Beige']",19,29,"['2', '3', '3.5', '4', '5']","Classic, clean-style trainers with a lightly padded edge and tongue and lacing at the front. Linings in piqué and insoles in Cellfit™ technical foam for extra comfort. Patterned soles. Height of soles 3 cm.",No heel,"White/Black/Grey, Block-coloured",Trainers,
boy,teen,shoes,HOOK AND LOOP TRAINERS,17.99,https://image.hm.com/assets/hm/93/e0/93e0801a2838783c8781502e29c01aa7500ce168.jpg?imwidth=1536,['Black'],19,29,"['2', '3', '3.5', '4', '5', '6']","Trainers in imitation leather with a lightly padded edge and tongue, hook and loop tabs at the front and a small grosgrain loop at the back. Mesh linings and insoles and patterned soles.",No heel,"Black, Solid colour",Trainers,
boy,teen,shoes,TRAINERS,19.99,https://image.hm.com/assets/hm/14/4e/144e5ebc685b970c59070c82cf6b864340b646fd.jpg?imwidth=1536,"['Black', 'White/Block-coloured', 'White/Block-coloured', 'Beige']",19,29,"['2', '3', '3.5', '4', '5']","Classic, clean-style trainers with a lightly padded edge and tongue and lacing at the front. Linings in piqué and insoles in Cellfit™ technical foam for extra comfort. Patterned soles. Height of soles 3 cm.",No heel,"Black/White, Block-coloured",Trainers,
boy,teen,shoes,HI-TOP TRAINERS,29.99,https://image.hm.com/assets/hm/a8/b6/a8b6953c75b8b4a1eb5121f36da482c20d5478d4.jpg?imwidth=1536,"['Black/Dark grey', 'White']",19,29,"['2', '3', '3.5', '4', '5']","Basketball-style hi-top trainers with a heavily padded edge and tongue, lacing at the front and a grosgrain loop at the back. Linings in mesh and insoles in Cellfit™ technical foam for extra comfort. Patterned soles. Height of soles 3.1 cm.",No heel,Black/Dark grey,Trainers,
boy,teen,shoes,TRAINERS,24.99,https://image.hm.com/assets/hm/f2/d2/f2d22691c5857d6808da494d3f761779a65c1e17.jpg?imwidth=1536,"['White/Beige', 'Dark grey', 'White/Block-coloured']",19,29,"['2', '3', '3.5', '4', '5', '6']","Trainers with a padded edge and tongue, lacing at the front and a grosgrain loop at the back. Mesh linings and insoles in Cellfit™ technical foam for extra comfort. Patterned soles. Height of soles 3.1 cm.",No heel,"White/Beige/Black, Block-coloured",Trainers,
boy,teen,shoes,TRAINERS,24.99,https://image.hm.com/assets/hm/35/a6/35a6fa594a478d8b7ed8530fa4b351f98d7c2828.jpg?imwidth=1536,"['White/Block-coloured', 'Dark grey', 'White/Beige']",19,29,"['2', '3', '3.5', '4', '5', '6']","Trainers with a padded edge and tongue, lacing at the front and a grosgrain loop at the back. Mesh linings and insoles in Cellfit™ technical foam for extra comfort. Patterned soles. Height of soles 3.1 cm.",No heel,"White/Light greige/Cream, Block-coloured",Trainers,
boy,teen,shoes,TRAINERS,24.99,https://image.hm.com/assets/hm/e3/31/e33126653510f072a246d6a995bdc77c56dd1121.jpg?imwidth=1536,['Light beige'],19,29,"['2', '3', '3.5', '4', '5', '6']","Classic, clean-style trainers with a lightly padded edge and tongue and lacing at the front. Linings and insoles in jersey. Patterned soles.",No heel,"Light beige/Brown, Solid colour",Trainers,
boy,teen,shoes,HI-TOP TRAINERS,29.99,https://image.hm.com/assets/hm/09/0d/090d27f8a807040549d7bb981330f2ce2ba59369.jpg?imwidth=1536,['White'],19,29,"['2', '3', '3.5', '4', '5', '6']","Basketball-style hi-top trainers with a heavily padded edge and tongue, lacing at the front and a grosgrain loop at the back. Linings in mesh and insoles in Cellfit™ technical foam for extra comfort. Patterned soles. Height of soles 3.1 cm.",No heel,"White, Solid colour",Trainers,
boy,teen,shoes,TRAINERS,19.99,https://image.hm.com/assets/hm/f2/b5/f2b537d78d58d7fd24f0aefab78a7c2167c5f134.jpg?imwidth=1536,"['White', 'White/Block-coloured']",19,29,"['2-3', '4-5', '5.5', '6.5', '7', '8']","Trainers with a lightly padded edge and tongue, lacing at the front and a ripstop loop at the back. Linings in mesh and insoles in Cellfit™ technical foam for extra comfort. Patterned soles with a good grip. Height of soles 4 cm.",No heel,"White, Solid colour",Trainers,
boy,teen,shoes,TRAINERS,19.99,https://image.hm.com/assets/hm/ff/7e/ff7eac348a861831a75cbddb2f26c57e406cdf24.jpg?imwidth=1536,['White'],19,29,"['2', '3', '3.5', '4', '5', '6']","Classic, clean-style trainers with a lightly padded edge and tongue and lacing at the front. Linings in piqué and insoles in Cellfit™ technical foam for extra comfort. Patterned soles. Height of soles 3 cm.",No heel,"White, Solid colour",Trainers,
women,adult,shoes,CHELSEA BOOTS,27.99,https://image.hm.com/assets/hm/75/f0/75f0834a739c96e52265c8378106109e7500a565.jpg?imwidth=1536,"['Black', 'Dark greige']",19,200,"['2', '3', '4', '5', '6', '7', '8', '9']",Chelsea boots with elastic gores in the sides and a loop at the back. Satin linings and insoles.,Low heel,"Black, Solid colour",Chelsea boots,
women,adult,shoes,CHELSEA BOOTS,27.99,https://image.hm.com/assets/hm/b3/01/b3013d89eb1be4b79448a71f0e24cdaa7515b56b.jpg?imwidth=1536,"['Dark greige', 'Black']",19,200,"['2', '3', '4', '5', '6', '7', '8', '9']",Chelsea boots with elastic gores in the sides and a loop at the back. Satin linings and insoles.,Low heel,"Dark greige, Solid colour",Chelsea boots,
women,adult,shoes,HEELED SOCK BOOTS,37.99,https://image.hm.com/assets/hm/5f/55/5f550fc1418b10fa0f838c217f69e87f292ebbf8.jpg?imwidth=1536,"['Dark beige', 'Black']",19,200,"['2', '3', '4', '5', '6', '7', '8', '9']","Ankle boots in napped fabric with stretchy, fitted shafts, pointed toes and narrow, covered heels. Jersey linings and insoles.",Low heel,"Dark beige, Solid colour","Ankle boots, Sock boots",
women,adult,shoes,MARY JANE BALLET PUMPS,21.99,https://image.hm.com/assets/hm/9b/b4/9bb40d94744c327a5daba36906ae8b6a69794c4b.jpg?imwidth=1536,['Black'],19,200,"['2', '3', '4', '5', '6', '7', '8', '9']",Mary Jane-style ballet pumps with almond toes and an adjustable foot strap with a metal buckle. Delicate piping along the opening and foot strap.,No heel,"Black, Solid colour","Ballet pumps, Mary Janes",
women,adult,shoes,BALLET PUMPS,18.99,https://image.hm.com/assets/hm/a8/db/a8db4e13bd8281a2e01f53f990e857f42686b41e.jpg?imwidth=1536,"['Beige/Black', 'Black/Patent', 'Black', 'Black']",19,200,"['2', '3', '4', '5', '6', '7', '8', '9']",Classic ballet pumps with a decorative bow at the front. Satin linings.,No heel,"Beige/Black, Block-coloured",Ballet pumps,
women,adult,shoes,MARY JANE BALLET PUMPS,18.99,https://image.hm.com/assets/hm/6c/e0/6ce0134f3ab4af6032357de52f324b5b1ffa783c.jpg?imwidth=1536,"['Black', 'Greige', 'Silver-coloured']",19,200,"['2', '3', '4', '5', '6', '7', '8', '9']",Classic ballet pumps in a Mary Jane design with square toes and a narrow foot strap with a metal buckle. Satin linings.,No heel,"Black, Solid colour",Ballet pumps,
women,adult,shoes,HEELED SOCK BOOTS,37.99,https://image.hm.com/assets/hm/a7/23/a7234674bc13daf932cc00ec09d1ba52492a4d6a.jpg?imwidth=1536,"['Black', 'Dark beige']",19,200,"['2', '3', '4', '5', '6', '7', '8', '9']","Ankle boots in napped fabric with stretchy, fitted shafts, pointed toes and narrow, covered heels. Jersey linings and insoles.",Low heel,"Black, Solid colour","Ankle boots, Sock boots",
women,adult,shoes,KNEE-HIGH COWBOY BOOTS,54.99,https://image.hm.com/assets/hm/08/d1/08d1dd469dbf44b38e4a734e701411fc6dbad7e5.jpg?imwidth=1536,"['Beige', 'Black']",19,200,"['2', '3', '4', '5', '6', '7', '8', '9']",Cowboy boots with pointed toes and knee-high shafts with a loop at the sides. Decorative seams and cowboy heels. Satin linings.,High heel,"Beige, Solid colour",Boots,
women,adult,shoes,LOAFERS,27.99,https://image.hm.com/assets/hm/af/7c/af7cf6cc380525ecf6d9db8f608eff54d3f031b7.jpg?imwidth=1536,"['Black', 'Black']",19,200,"['2', '3', '4', '5', '6', '7', '8', '9']",Loafers with a decorative tab at the front. Satin linings. Height of soles 3 cm.,Low heel,"Black, Solid colour",Loafers,
women,adult,shoes,KNEE-HIGH BOOTS,44.99,https://image.hm.com/assets/hm/77/eb/77ebfb63fa87e480162af27f768e8fc6e3c2526a.jpg?imwidth=1536,['Black'],19,200,"['2', '3', '4', '5', '6', '7', '8', '9']",Knee-high boots with pointed toes and narrow heels. Satin linings and insoles.,High heel,"Black, Solid colour",Boots,
women,adult,shoes,POINTED ANKLE BOOTS,42.99,https://image.hm.com/assets/hm/6c/17/6c1747bc7360181277dec8f6ad67f0db8e6a36a3.jpg?imwidth=1536,['Black'],19,200,"['2', '3', '4', '5', '6', '7', '8', '9']","Ankle boots with pointed toes, slanted block heels and a concealed zip at one side. Satin linings and insoles.",High heel,"Black, Solid colour",Boots,
women,adult,shoes,KNEE-HIGH BOOTS,64.99,https://image.hm.com/assets/hm/ab/8e/ab8e1224421788dc50f3d105937db3c96bbd430a.jpg?imwidth=1536,"['Black', 'Dark brown']",19,200,"['2', '3', '4', '5', '6', '7', '8', '9']","Knee-high boots in coated fabric with rounded toes, block heels and a loop at each side of the shafts. Satin linings. Height of soles 1.8 cm. Heel 8 cm.",High heel,"Black, Solid colour",Boots,
women,adult,shoes,POINTED SLINGBACKS,18.99,https://image.hm.com/assets/hm/e5/dd/e5dd49409924d0f83d4503a57a2e4aaf4208c2ef.jpg?imwidth=1536,"['Black', 'Dark beige']",19,200,"['2', '3', '4', '5', '6', '7', '8', '9']",Slingbacks with pointed toes and a heel strap with elastication at one side. Satin linings.,No heel,"Black, Solid colour",Slingbacks,
women,adult,shoes,CHELSEA BOOTS,37.99,https://image.hm.com/assets/hm/91/e2/91e232e9d988f16b1a4d71a13e25205f29ffb956.jpg?imwidth=1536,['Black'],19,200,"['2', '3', '4', '5', '6', '7', '8', '9']",Chelsea boots in coated fabric with elastic gores in the sides and a loop at the front and back. Jersey linings.,Low heel,"Black, Solid colour",Chelsea boots,
women,adult,shoes,CHUNKY CHELSEA BOOTS,37.99,https://image.hm.com/assets/hm/fc/a2/fca25767c931677025b53a5d84a45f4322708914.jpg?imwidth=1536,"['Dark brown', 'Black', 'Beige']",19,200,"['2', '3', '4', '5', '6', '7', '8', '9']",Chelsea boots with elastic gores in the sides and a loop at the back. Satin linings and chunky soles that are patterned underneath.,Low heel,"Dark brown, Solid colour",Chelsea boots,
men,adult,shoes,TRAINERS,37.99,https://image.hm.com/assets/hm/c1/ae/c1aea4ce1991934e2c351e7a7cc7bc23599f7186.jpg?imwidth=1536,['Dark grey'],27,200,"['6.5', '7.5', '8', '9', '9.5', '10.5', '11']",Retro-inspired trainers with a tongue and lacing at the front and a padded top edge. Jersey linings and insoles and soles that are patterned underneath. Height of soles 4.1 cm.,No heel,Dark grey,Trainers,
men,adult,shoes,LEATHER LOAFERS,89.99,https://image.hm.com/assets/hm/13/5c/135c32fbeadb6947df3010f95a4276a864fcf5a3.jpg?imwidth=1536,['Black'],27,200,"['6.5', '7.5', '8', '9', '9.5', '10.5', '11']","Loafers in soft leather with a decorative tab and moccasin seam at the front. Leather linings and insoles, and rubber soles that are patterned underneath. Heel 2.8 cm.",No heel,"Black, Solid colour",Loafers,H&M Premium Selection
men,adult,shoes,CHELSEA BOOTS,37.99,https://image.hm.com/assets/hm/9e/6a/9e6a985ff2a5781ce6e93f7d748c4540d6f7ac53.jpg?imwidth=1536,"['Brown', 'Black']",27,200,"['6.5', '7.5', '8', '9', '9.5', '10.5', '11']",Chelsea boots with elastic gores in the sides and a loop at the back. Canvas linings and insoles and soles that are patterned underneath. Heel 2.8 cm.,Low heel,"Brown, Solid colour",Chelsea boots,
men,adult,shoes,LEATHER DERBY SHOES,89.99,https://image.hm.com/assets/hm/da/b9/dab93b858afe51c8c9d43beb46ea1cec1318918f.jpg?imwidth=1536,['Black'],27,200,"['6.5', '7.5', '8', '9', '9.5', '10.5', '11']","Derby shoes in soft leather with open lacing at the front. Leather linings and insoles, and rubber soles that are patterned underneath. Heel 3 cm.",No heel,"Black, Solid colour",Derby shoes,H&M Premium Selection
men,adult,shoes,TRAINERS,19.99,https://image.hm.com/assets/hm/95/e2/95e270d247a7428ad24570b47459049b4a1e3ffe.jpg?imwidth=1536,"['White', 'White/Black', 'Grey', 'Dark blue', 'Dark grey', 'Black']",27,200,"['6.5', '7.5', '8', '9', '9.5', '10.5', '11']","Trainers with a padded top edge and tongue, and lacing at the front. Linings and insoles in piqué and rubber soles that are fluted underneath. Height of soles 3 cm.",No heel,"White, Solid colour",Trainers,
men,adult,shoes,LOAFERS,42.99,https://image.hm.com/assets/hm/d8/35/d83533926de632612c97c2b682ae997869e2fa1f.jpg?imwidth=1536,"['Black', 'Black', 'Beige', 'Dark brown']",27,200,"['6.5', '7.5', '8', '9', '9.5', '10.5', '11']","Loafers with a decorative tab and moccasin seam at the front. Canvas linings and insoles, and soles that are patterned underneath. Heel 3 cm.",,"Black, Solid colour",Loafers,
men,adult,shoes,TRAINERS,19.99,https://image.hm.com/assets/hm/c0/53/c053d51bcd5bc8e659b0a81a97d7a5ac6b2015ab.jpg?imwidth=1536,"['Dark grey', 'White/Black', 'Grey', 'Dark blue', 'White', 'Black']",27,200,"['6.5', '7.5', '8', '9', '9.5', '10.5', '11']","Trainers with a padded top edge and tongue, and lacing at the front. Linings and insoles in piqué and rubber soles that are fluted underneath. Height of soles 3 cm.",No heel,"Dark grey, Solid colour",Trainers,
men,adult,shoes,CHUNKY DERBY SHOES,42.99,https://image.hm.com/assets/hm/4c/9b/4c9bdfa979da4f6167a56f0b20d3daf54902666f.jpg?imwidth=1536,"['Black', 'Dark brown']",27,200,"['6.5', '7.5', '8', '9', '9.5', '10.5', '11']",Derby shoes with a grosgrain loop at the back and open lacing at the front. Canvas linings and insoles and chunky soles that are patterned underneath. Heel 3.5 cm.,Low heel,"Black, Solid colour",Derby shoes,
men,adult,shoes,LEATHER CHELSEA BOOTS,199,https://image.hm.com/assets/006/b5/be/b5be59c1f1c02533c145a6d9867de17708805feb.jpg?imwidth=1536,['Black'],27,200,"['6.5', '7.5', '8', '9', '9.5', '10.5', '11']",Chelsea boots crafted from chrome-free leather. Styled with a stitched rubber sole for durability. Elastic gussets on sides and pull strap at back make the boots easy to put on.,,"Black, Solid colour",Chelsea boots,
men,adult,shoes,TRAINERS,19.99,https://image.hm.com/assets/hm/21/5b/215b0276c51ce9c440ae2822ea67130c06c556f4.jpg?imwidth=1536,"['Dark blue', 'White/Black', 'Grey', 'Dark grey', 'White', 'Black']",27,200,"['6.5', '7.5', '8', '9', '9.5', '10.5', '11']","Trainers with a padded top edge and tongue, and lacing at the front. Linings and insoles in piqué and rubber soles that are fluted underneath. Height of soles 3 cm.",No heel,"Dark blue, Solid colour",Trainers,
men,adult,shoes,CHUNKY LOAFERS,42.99,https://image.hm.com/assets/hm/2f/6a/2f6a156c4ac86e28686fae6adf142bb0369b9c15.jpg?imwidth=1536,"['Dark brown', 'Black', 'Brown/Snakeskin-patterned', 'Black/Tassels']",27,200,"['6.5', '7.5', '8', '9', '9.5', '10.5', '11']","Loafers with a decorative tab and seam at the front. Canvas linings and insoles and chunky, patterned soles. Heel 3.2 cm.",Low heel,"Dark brown, Solid colour",Loafers,
men,adult,shoes,SLIP-ON TRAINERS,18.99,https://image.hm.com/assets/hm/92/ed/92ed27f59cb9b88918c7e169039f01f1b233f936.jpg?imwidth=1536,"['Light beige', 'Grey', 'Dark turquoise']",27,200,"['6.5', '7.5', '8', '9', '9.5', '10.5', '11']","Trainers in woven fabric with a top section in mesh, elastic gores in the sides and a loop at the back. Cork insoles and rubber soles that are patterned underneath. Height of soles 2 cm.",No heel,"Light beige, Solid colour","Slip-on, Trainers",
men,adult,shoes,CHUNKY LOAFERS,42.99,https://image.hm.com/assets/hm/45/5d/455d50291976d43b89d1aa7f7ed8888a8bdbe736.jpg?imwidth=1536,"['Black', 'Dark brown', 'Brown/Snakeskin-patterned', 'Black/Tassels']",27,200,"['6.5', '7.5', '8', '9', '9.5', '10.5', '11']","Loafers with a decorative tab and seam at the front. Canvas linings and insoles and chunky, patterned soles. Heel 3.2 cm.",Low heel,"Black, Solid colour",Loafers,
men,adult,shoes,PILE-LINED SLIPPERS,18.99,https://image.hm.com/assets/hm/b9/bc/b9bc753a16bfd7f7b2f3bab88d91d584eef1c33d.jpg?imwidth=1536,"['Dark grey', 'Greige', 'Brown', 'Black']",27,200,"['6.5-7.5', '8-9', '9-10.5']","Slippers with a decorative seam at the top, fluted soles and soft pile lining.",No heel,"Dark grey, Solid colour",,
men,adult,shoes,TRAINERS,27.99,https://image.hm.com/assets/hm/f1/23/f123c2924cef1ac4cdb18281a525ffd24db9b345.jpg?imwidth=1536,"['White', 'Black']",27,200,"['6.5', '7.5', '8', '9', '9.5', '10.5', '11']",Trainers with a tongue and lacing at the front and a padded top edge. Mesh linings and insoles and rubber soles that are patterned underneath. Height of soles 2.8 cm.,No heel,"White, Solid colour",Trainers,
